,Unnamed: 0,Name,Reign,Date,Belt,DOB,Horoscope,Defeated,Defeated_Horoscope,Love_Percentage
0,0,Bruno Sammartino,1,17-May-63,WWE Championship,06/10,Libra,Buddy Rogers,Pisces,Not a good choice.
1,1,Ivan Koloff,1,18-Jan-71,WWE Championship,25/08,Virgo,Bruno Sammartino,Libra,Can choose someone better.
2,2,Pedro Morales,1,8-Feb-71,WWE Championship,22/10,Libra,Ivan Koloff,Virgo,Can choose someone better.
3,3,Stan Stasiak,1,1-Dec-73,WWE Championship,13/04,Aries,Pedro Morales,Libra,Can choose someone better.
4,4,Bruno Sammartino,2,10-Dec-73,WWE Championship,06/10,Libra,Stan Stasiak,Aries,Not a good choice.
5,5,Bob Backlund,2,17-Dec-79,WWE Championship,14/08,Leo,Bret Hart,Cancer,Not a good choice.
6,6,The Iron Sheik,1,26-Dec-83,WWE Championship,15/03,Pisces,Bob Backlund,Leo,Not a good choice.
7,7,Hulk Hogan,1,23-Jan-84,WWE Championship,11/08,Leo,The Iron Sheik,Pisces,Not a good choice.
8,8,Andr√© the Giant,1,5-Feb-88,WWE Championship,19/05,Taurus,Hulk Hogan,Leo,Not a good choice.
9,9,Hulk Hogan,2,2-Apr-89,WWE Championship,11/08,Leo,Randy Savage,Scorpio,Not a good choice.
10,10,Hulk Hogan,3,24-Mar-91,WWE Championship,11/08,Leo,Sgt. Slaughter,Virgo,May be better next time.
11,11,The Undertaker,1,27-Nov-91,WWE Championship,24/03,Aries,Hulk Hogan,Leo,Not a good choice.
12,12,Hulk Hogan,4,3-Dec-91,WWE Championship,11/08,Leo,The Undertaker,Aries,Not a good choice.
13,13,Randy Savage,2,5-Apr-92,WWE Championship,15/11,Scorpio,Ric Flair,Pisces,Not a good choice.
14,14,Ric Flair,2,1-Sep-92,WWE Championship,25/02,Pisces,Randy Savage,Scorpio,Not a good choice.
15,15,Bret Hart,1,12-Oct-92,WWE Championship,02/07,Cancer,Ric Flair,Pisces,Not a good choice.
16,16,Yokozuna,1,4-Apr-93,WWE Championship,02/10,Libra,Bret Hart,Cancer,All the best!
17,17,Hulk Hogan,5,4-Apr-93,WWE Championship,11/08,Leo,Yokozuna,Libra,All the best!
18,18,Yokozuna,2,13-Jun-93,WWE Championship,02/10,Libra,Hulk Hogan,Leo,All the best!
19,19,Bret Hart,2,20-Mar-94,WWE Championship,02/07,Cancer,Yokozuna,Libra,All the best!
20,20,Bob Backlund,2,23-Nov-94,WWE Championship,14/08,Leo,Bret Hart,Cancer,Not a good choice.
21,21,Diesel,1,26-Nov-94,WWE Championship,09/07,Cancer,Bob Backlund,Leo,All the best!
22,22,Bret Hart,3,19-Nov-95,WWE Championship,02/07,Cancer,Diesel,Cancer,All the best!
23,23,Shawn Michaels,1,31-Mar-96,WWE Championship,22/07,Cancer,Bret Hart,Cancer,Not a good choice.
24,24,Sycho Sid,1,17-Nov-96,WWE Championship,16/12,Sagittarius,Shawn Michaels,Cancer,Not a good choice.
25,25,Shawn Michaels,2,19-Jan-97,WWE Championship,22/07,Cancer,Sycho Sid,Sagittarius,Not a good choice.
26,26,Sycho Sid,2,17-Feb-97,WWE Championship,16/12,Sagittarius,Bret Hart,Cancer,Not a good choice.
27,27,The Undertaker,2,23-Mar-97,WWE Championship,24/03,Aries,Sycho Sid,Sagittarius,Not a good choice.
28,28,Bret Hart,5,3-Aug-97,WWE Championship,02/07,Cancer,The Undertaker,Aries,Can choose someone better.
29,29,Shawn Michaels,3,9-Nov-97,WWE Championship,22/07,Cancer,Bret Hart,Cancer,Not a good choice.
30,30,Kane,1,28-Jun-98,WWE Championship,26/04,Taurus,Steve Austin,Sagittarius,All the best!
31,31,The Rock,1,15-Nov-98,WWE Championship,02/05,Taurus,Mankind,Gemini,Can choose someone better.
32,32,Mankind,1,29-Dec-98,WWE Championship,07/06,Gemini,The Rock,Taurus,Can choose someone better.
33,33,The Rock,2,24-Jan-99,WWE Championship,02/05,Taurus,Mankind,Gemini,Can choose someone better.
34,34,Mankind,2,26-Jan-99,WWE Championship,07/06,Gemini,The Rock,Taurus,Can choose someone better.
35,35,The Rock,3,15-Feb-99,WWE Championship,02/05,Taurus,Mankind,Gemini,Can choose someone better.
36,36,The Undertaker,3,23-May-99,WWE Championship,24/03,Aries,Steve Austin,Sagittarius,All the best!
37,37,Triple H,1,23-Aug-99,WWE Championship,27/07,Leo,Mankind,Gemini,Can choose someone better.
38,38,Vince McMahon,1,14-Sep-99,WWE Championship,24/08,Virgo,Triple H,Leo,All the best!
39,39,The Rock,4,30-Apr-00,WWE Championship,02/05,Taurus,Triple H,Leo,Can choose someone better.
40,40,Triple H,4,21-May-00,WWE Championship,27/07,Leo,The Rock,Taurus,Can choose someone better.
41,41,Kurt Angle,1,22-Oct-00,WWE Championship,09/12,Sagittarius,The Rock,Taurus,Not a good choice.
42,42,The Rock,6,25-Feb-01,WWE Championship,02/05,Taurus,Kurt Angle,Sagittarius,Not a good choice.
43,43,Kurt Angle,2,23-Sep-01,WWE Championship,09/12,Sagittarius,Steve Austin,Sagittarius,All the best!
44,44,Chris Jericho,1,9-Dec-01,WWE Championship,09/11,Scorpio,Steve Austin,Sagittarius,Can choose someone better.
45,45,Triple H,5,17-Mar-02,WWE Championship,27/07,Leo,Chris Jericho,Scorpio,Can choose someone better.
46,46,The Undertaker,4,19-May-02,WWE Championship,24/03,Aries,Hulk Hogan,Leo,Not a good choice.
47,47,Brock Lesnar,1,25-Aug-02,WWE Championship,12/07,Cancer,The Rock,Taurus,Not a good choice.
48,48,Brock Lesnar,2,30-Mar-03,WWE Championship,12/07,Cancer,Kurt Angle,Sagittarius,Not a good choice.
49,49,Brock Lesnar,3,16-Sep-03,WWE Championship,12/07,Cancer,Kurt Angle,Sagittarius,Not a good choice.
50,50,Eddie Guerrero,1,15-Feb-04,WWE Championship,09/10,Libra,Brock Lesnar,Cancer,All the best!
51,51,Edge,1,8-Jan-06,WWE Championship,30/10,Scorpio,John Cena,Taurus,Can choose someone better.
52,52,John Cena,2,29-Jan-06,WWE Championship,23/04,Taurus,Edge,Scorpio,Can choose someone better.
53,53,Rob Van Dam,1,11-Jun-06,WWE Championship,18/12,Sagittarius,John Cena,Taurus,May be better next time.
54,54,John Cena,3,17-Sep-06,WWE Championship,23/04,Taurus,Edge,Scorpio,Can choose someone better.
55,55,Triple H,6,7-Oct-07,WWE Championship,27/07,Leo,Randy Orton,Aries,Can choose someone better.
56,56,Randy Orton,2,7-Oct-07,WWE Championship,01/04,Aries,Triple H,Leo,Can choose someone better.
57,57,John Cena,4,13-Sep-09,WWE Championship,23/04,Taurus,Randy Orton,Aries,Not a good choice.
58,58,Randy Orton,5,4-Oct-09,WWE Championship,01/04,Aries,John Cena,Taurus,Not a good choice.
59,59,John Cena,5,25-Oct-09,WWE Championship,23/04,Taurus,Randy Orton,Aries,Not a good choice.
60,60,Sheamus,1,13-Dec-09,WWE Championship,28/01,Aquarius,John Cena,Taurus,All the best!
61,61,The Miz,1,22-Nov-10,WWE Championship,08/10,Libra,Randy Orton,Aries,Not a good choice.
62,62,CM Punk,1,17-Jul-11,WWE Championship,26/10,Scorpio,John Cena,Taurus,May be better next time.
63,63,Rey Mysterio,1,25-Jul-11,WWE Championship,11/12,Sagittarius,The Miz,Libra,Can choose someone better.
64,64,John Cena,9,25-Jul-11,WWE Championship,23/04,Taurus,Rey Mysterio,Sagittarius,Not a good choice.
65,65,CM Punk,1,14-Aug-11,WWE Championship,26/10,Scorpio,John Cena,Taurus,May be better next time.
66,66,CM Punk,2,20-Nov-11,WWE Championship,26/10,Scorpio,John Cena,Taurus,May be better next time.
67,67,Ric Flair,2,9-Apr-78,WWE United States Championship,25/02,Pisces,Randy Savage,Scorpio,Not a good choice.
68,68,Steve Austin,1,27-Dec-93,WWE United States Championship,18/12,Sagittarius,Shawn Michaels,Cancer,All the best!
69,69,Steve Austin,2,18-Sep-94,WWE United States Championship,18/12,Sagittarius,Kane,Taurus,All the best!
70,70,Eddie Guerrero,1,29-Dec-96,WWE United States Championship,09/10,Libra,Brock Lesnar,Cancer,All the best!
71,71,Bret Hart,1,20-Jul-98,WWE United States Championship,02/07,Cancer,Ric Flair,Pisces,Not a good choice.
72,72,Bret Hart,2,13-Aug-98,WWE United States Championship,02/07,Cancer,Yokozuna,Libra,All the best!
73,73,Bret Hart,3,30-Nov-98,WWE United States Championship,02/07,Cancer,Diesel,Cancer,All the best!
74,74,Kurt Angle,1,22-Oct-01,WWE United States Championship,09/12,Sagittarius,The Rock,Taurus,Not a good choice.
75,75,Edge,1,12-Nov-01,WWE United States Championship,30/10,Scorpio,John Cena,Taurus,Can choose someone better.
76,76,John Cena,2,3-Oct-04,WWE United States Championship,23/04,Taurus,Edge,Scorpio,Can choose someone better.
77,77,John Cena,3,16-Nov-04,WWE United States Championship,23/04,Taurus,Edge,Scorpio,Can choose someone better.
78,78,The Miz,1,5-Oct-09,WWE United States Championship,08/10,Libra,Randy Orton,Aries,Not a good choice.
79,79,Bret Hart,5,17-May-10,WWE United States Championship,02/07,Cancer,The Undertaker,Aries,Can choose someone better.
80,80,Sheamus,1,14-Mar-11,WWE United States Championship,28/01,Aquarius,John Cena,Taurus,All the best!
81,81,John Cena,4,29-Mar-15,WWE United States Championship,23/04,Taurus,Randy Orton,Aries,Not a good choice.
82,82,John Cena,5,20-Sep-15,WWE United States Championship,23/04,Taurus,Randy Orton,Aries,Not a good choice.
83,83,Chris Jericho,1,9-Jan-17,WWE United States Championship,09/11,Scorpio,Steve Austin,Sagittarius,Can choose someone better.
84,84,Rey Mysterio,1,19-May-19,WWE United States Championship,11/12,Sagittarius,The Miz,Libra,Can choose someone better.
