,Name,Reign,Days,Date,Event,Location,Belt,DOB,Horoscope
0,Buddy Rogers,1,36,11-Apr-63,House show,"Washington, D.C.",WWE Championship,20/02,Pisces
1,Bruno Sammartino,1,2803,17-May-63,House show,"New York, NY",WWE Championship,06/10,Libra
2,Ivan Koloff,1,21,18-Jan-71,House show,"New York, NY",WWE Championship,25/08,Virgo
3,Pedro Morales,1,1027,8-Feb-71,House show,"New York, NY",WWE Championship,22/10,Libra
4,Stan Stasiak,1,9,1-Dec-73,House show,"Philadelphia, PA",WWE Championship,13/04,Aries
5,Bruno Sammartino,2,1237,10-Dec-73,House show,"New York, NY",WWE Championship,06/10,Libra
6,Superstar Billy Graham,1,296,30-Apr-77,House show,"Baltimore, MD",WWE Championship,07/06,Gemini
7,Bob Backlund,1,648,20-Feb-78,WWF on MSG Network,"New York, NY",WWE Championship,14/08,Leo
8,Antonio Inoki,1,6,30-Nov-79,House show,"Tokushima, Japan",WWE Championship,20/02,Pisces
9,Bob Backlund,2,1470,17-Dec-79,WWF on MSG Network,"New York, NY",WWE Championship,14/08,Leo
10,The Iron Sheik,1,28,26-Dec-83,WWF on MSG Network,"New York, NY",WWE Championship,15/03,Pisces
11,Hulk Hogan,1,1474,23-Jan-84,WWF on MSG Network,"New York, NY",WWE Championship,11/08,Leo
12,Andr√© the Giant,1,0,5-Feb-88,The Main Event I,"Indianapolis, IN",WWE Championship,19/05,Taurus
13,Ted DiBiase,1,8,5-Feb-88,The Main Event I,"Indianapolis, IN",WWE Championship,18/01,0
14,Randy Savage,1,371,27-Mar-88,WrestleMania IV,"Atlantic City, NJ",WWE Championship,15/11,Scorpio
15,Hulk Hogan,2,364,2-Apr-89,WrestleMania V,"Atlantic City, NJ",WWE Championship,11/08,Leo
16,The Ultimate Warrior,1,293,1-Apr-90,WrestleMania VI,"Toronto, ON, Canada",WWE Championship,16/06,Gemini
17,Sgt. Slaughter,1,64,19-Jan-91,Royal Rumble,"Miami, FL",WWE Championship,27/08,Virgo
18,Hulk Hogan,3,248,24-Mar-91,WrestleMania VII,"Los Angeles, CA",WWE Championship,11/08,Leo
19,The Undertaker,1,6,27-Nov-91,Survivor Series,"Detroit, MI",WWE Championship,24/03,Aries
20,Hulk Hogan,4,1,3-Dec-91,This Tuesday in Texas,"San Antonio, TX",WWE Championship,11/08,Leo
21,Ric Flair,1,77,19-Jan-92,Royal Rumble,"Albany, NY",WWE Championship,25/02,Pisces
22,Randy Savage,2,149,5-Apr-92,WrestleMania VIII,"Indianapolis, IN",WWE Championship,15/11,Scorpio
23,Ric Flair,2,41,1-Sep-92,Prime Time Wrestling,"Hershey, PA",WWE Championship,25/02,Pisces
24,Bret Hart,1,174,12-Oct-92,House show,"Saskatoon, SK, Canada",WWE Championship,02/07,Cancer
25,Yokozuna,1,0,4-Apr-93,WrestleMania IX,"Las Vegas, NV",WWE Championship,02/10,Libra
26,Hulk Hogan,5,70,4-Apr-93,WrestleMania IX,"Las Vegas, NV",WWE Championship,11/08,Leo
27,Yokozuna,2,280,13-Jun-93,King of the Ring,"Dayton, OH",WWE Championship,02/10,Libra
28,Bret Hart,2,248,20-Mar-94,WrestleMania X,"New York, NY",WWE Championship,02/07,Cancer
29,Bob Backlund,2,3,23-Nov-94,Survivor Series,"San Antonio, TX",WWE Championship,14/08,Leo
30,Diesel,1,358,26-Nov-94,House show,"New York, NY",WWE Championship,09/07,Cancer
31,Bret Hart,3,133,19-Nov-95,Survivor Series,"Landover, MD",WWE Championship,02/07,Cancer
32,Shawn Michaels,1,231,31-Mar-96,WrestleMania XII,"Anaheim, CA",WWE Championship,22/07,Cancer
33,Sycho Sid,1,63,17-Nov-96,Survivor Series,"New York, NY",WWE Championship,16/12,Sagittarius
34,Shawn Michaels,2,25,19-Jan-97,Royal Rumble,"San Antonio, TX",WWE Championship,22/07,Cancer
35,Bret Hart,4,1,16-Feb-97,In Your House 13: Final Four,"Chattanooga, TN",WWE Championship,02/07,Cancer
36,Sycho Sid,2,34,17-Feb-97,Raw,"Nashville, TN",WWE Championship,16/12,Sagittarius
37,The Undertaker,2,133,23-Mar-97,WrestleMania 13,"Rosemont, IL",WWE Championship,24/03,Aries
38,Bret Hart,5,98,3-Aug-97,SummerSlam,"East Rutherford, NJ",WWE Championship,02/07,Cancer
39,Shawn Michaels,3,140,9-Nov-97,Survivor Series,"Montreal, QC, Canada",WWE Championship,22/07,Cancer
40,Stone Cold Steve Austin,1,91,29-Mar-98,WrestleMania XIV,"Boston, MA",WWE Championship,18/12,Sagittarius
41,Kane,1,1,28-Jun-98,King of the Ring,"Pittsburgh, PA",WWE Championship,26/04,Taurus
42,Stone Cold Steve Austin,2,90,29-Jun-98,Raw,"Cleveland, OH",WWE Championship,18/12,Sagittarius
43,The Rock,1,44,15-Nov-98,Survivor Series,"St. Louis, MO",WWE Championship,02/05,Taurus
44,Mankind,1,26,29-Dec-98,Raw,"Worcester, MA",WWE Championship,07/06,Gemini
45,The Rock,2,2,24-Jan-99,Royal Rumble,"Anaheim, CA",WWE Championship,02/05,Taurus
46,Mankind,2,20,26-Jan-99,Halftime Heat,"Tucson, AZ",WWE Championship,07/06,Gemini
47,The Rock,3,41,15-Feb-99,Raw,"Birmingham, AL",WWE Championship,02/05,Taurus
48,Stone Cold Steve Austin,3,56,28-Mar-99,WrestleMania XV,"Philadelphia, PA",WWE Championship,18/12,Sagittarius
49,The Undertaker,3,36,23-May-99,Over the Edge,"Kansas City, MO",WWE Championship,24/03,Aries
50,Stone Cold Steve Austin,4,55,28-Jun-99,Raw,"Charlotte, NC",WWE Championship,18/12,Sagittarius
51,Mankind,3,1,22-Aug-99,SummerSlam,"Minneapolis, MN",WWE Championship,07/06,Gemini
52,Triple H,1,22,23-Aug-99,Raw,"Ames, IA",WWE Championship,27/07,Leo
53,Vince McMahon,1,6,14-Sep-99,SmackDown!,"Las Vegas, NV",WWE Championship,24/08,Virgo
54,Triple H,2,49,26-Sep-99,Unforgiven,"Charlotte, NC",WWE Championship,27/07,Leo
55,Big Show,1,50,14-Nov-99,Survivor Series,"Detroit, MI",WWE Championship,08/02,Aquarius
56,Triple H,3,118,3-Jan-00,Raw,"Miami, FL",WWE Championship,27/07,Leo
57,The Rock,4,21,30-Apr-00,Backlash,"Washington, D.C.",WWE Championship,02/05,Taurus
58,Triple H,4,35,21-May-00,Judgment Day,"Louisville, KY",WWE Championship,27/07,Leo
59,The Rock,5,119,25-Jun-00,King of the Ring,"Boston, MA",WWE Championship,02/05,Taurus
60,Kurt Angle,1,126,22-Oct-00,No Mercy,"Albany, NY",WWE Championship,09/12,Sagittarius
61,The Rock,6,35,25-Feb-01,No Way Out,"Las Vegas, NV",WWE Championship,02/05,Taurus
62,Stone Cold Steve Austin,5,175,1-Apr-01,WrestleMania X-Seven,"Houston, TX",WWE Championship,18/12,Sagittarius
63,Kurt Angle,2,15,23-Sep-01,Unforgiven,"Pittsburgh, PA",WWE Championship,09/12,Sagittarius
64,Stone Cold Steve Austin,6,62,8-Oct-01,Raw,"Indianapolis, IN",WWE Championship,18/12,Sagittarius
65,Chris Jericho,1,98,9-Dec-01,Vengeance,"San Diego, CA",WWE Championship,09/11,Scorpio
66,Triple H,5,35,17-Mar-02,WrestleMania X8,"Toronto, ON, Canada",WWE Championship,27/07,Leo
67,Hollywood Hulk Hogan,6,28,21-Apr-02,Backlash,"Kansas City, MO",WWE Championship,11/08,Leo
68,The Undertaker,4,63,19-May-02,Judgment Day,"Nashville, TN",WWE Championship,24/03,Aries
69,The Rock,7,35,21-Jul-02,Vengeance,"Detroit, MI",WWE Championship,02/05,Taurus
70,Brock Lesnar,1,84,25-Aug-02,SummerSlam,"Uniondale, NY",WWE Championship,12/07,Cancer
71,Big Show,2,28,17-Nov-02,Survivor Series,"New York, NY",WWE Championship,08/02,Aquarius
72,Kurt Angle,3,105,15-Dec-02,Armageddon,"Sunrise, FL",WWE Championship,09/12,Sagittarius
73,Brock Lesnar,2,119,30-Mar-03,WrestleMania XIX,"Seattle, WA",WWE Championship,12/07,Cancer
74,Kurt Angle,4,51,27-Jul-03,Vengeance,"Denver, CO",WWE Championship,09/12,Sagittarius
75,Brock Lesnar,3,152,16-Sep-03,SmackDown!,"Raleigh, NC",WWE Championship,12/07,Cancer
76,Eddie Guerrero,1,133,15-Feb-04,No Way Out,"Daly City, CA",WWE Championship,09/10,Libra
77,John Bradshaw Layfield,1,280,27-Jun-04,The Great American Bash,"Norfolk, VA",WWE Championship,29/11,Sagittarius
78,John Cena,1,280,3-Apr-05,WrestleMania 21,"Los Angeles, CA",WWE Championship,23/04,Taurus
79,Edge,1,21,8-Jan-06,New Year's Revolution,"Albany, NY",WWE Championship,30/10,Scorpio
80,John Cena,2,133,29-Jan-06,Royal Rumble,"Miami, FL",WWE Championship,23/04,Taurus
81,Rob Van Dam,1,22,11-Jun-06,ECW One Night Stand,"New York, NY",WWE Championship,18/12,Sagittarius
82,Edge,2,76,3-Jul-06,Raw,"Philadelphia, PA",WWE Championship,30/10,Scorpio
83,John Cena,3,380,17-Sep-06,Unforgiven,"Toronto, ON, Canada",WWE Championship,23/04,Taurus
84,Randy Orton,1,0,7-Oct-07,No Mercy,"Rosemont, IL",WWE Championship,01/04,Aries
85,Triple H,6,0,7-Oct-07,No Mercy,"Rosemont, IL",WWE Championship,27/07,Leo
86,Randy Orton,2,203,7-Oct-07,No Mercy,"Rosemont, IL",WWE Championship,01/04,Aries
87,Triple H,7,210,27-Apr-08,Backlash,"Baltimore, MD",WWE Championship,27/07,Leo
88,Edge,3,21,23-Nov-08,Survivor Series,"Boston, MA",WWE Championship,30/10,Scorpio
89,Jeff Hardy,1,42,14-Dec-08,Armageddon,"Buffalo, NY",WWE Championship,31/08,Virgo
90,Edge,4,21,25-Jan-09,Royal Rumble,"Detroit, MI",WWE Championship,30/10,Scorpio
91,Triple H,8,70,15-Feb-09,No Way Out,"Seattle, WA",WWE Championship,27/07,Leo
92,Randy Orton,3,42,26-Apr-09,Backlash,"Providence, RI",WWE Championship,01/04,Aries
93,Batista,1,2,7-Jun-09,Extreme Rules,"New Orleans, LA",WWE Championship,18/01,0
94,Randy Orton,4,90,15-Jun-09,Raw,"Charlotte, NC",WWE Championship,01/04,Aries
95,John Cena,4,21,13-Sep-09,Breaking Point,"Montreal, QC, Canada",WWE Championship,23/04,Taurus
96,Randy Orton,5,21,4-Oct-09,Hell in a Cell,"Newark, NJ",WWE Championship,01/04,Aries
97,John Cena,5,49,25-Oct-09,Bragging Rights,"Pittsburgh, PA",WWE Championship,23/04,Taurus
98,Sheamus,1,70,13-Dec-09,"TLC: Tables, Ladders & Chairs","San Antonio, TX",WWE Championship,28/01,Aquarius
99,John Cena,6,0,21-Feb-10,Elimination Chamber,"St. Louis, MO",WWE Championship,23/04,Taurus
100,Batista,2,35,21-Feb-10,Elimination Chamber,"St. Louis, MO",WWE Championship,18/01,0
101,John Cena,7,84,28-Mar-10,WrestleMania XXVI,"Glendale, AZ",WWE Championship,23/04,Taurus
102,Sheamus,2,91,20-Jun-10,Fatal 4-Way,"Uniondale, NY",WWE Championship,28/01,Aquarius
103,Randy Orton,6,64,19-Sep-10,Night of Champions,"Rosemont, IL",WWE Championship,01/04,Aries
104,The Miz,1,160,22-Nov-10,Raw,"Orlando, FL",WWE Championship,08/10,Libra
105,John Cena,8,77,1-May-11,Extreme Rules,"Tampa, FL",WWE Championship,23/04,Taurus
106,CM Punk,1,28,17-Jul-11,Money in the Bank,"Rosemont, IL",WWE Championship,26/10,Scorpio
107,Rey Mysterio,1,0,25-Jul-11,Raw,"Hampton, VA",WWE Championship,11/12,Sagittarius
108,John Cena,9,20,25-Jul-11,Raw,"Hampton, VA",WWE Championship,23/04,Taurus
109,CM Punk,1,0,14-Aug-11,SummerSlam,"Los Angeles, CA",WWE Championship,26/10,Scorpio
110,Alberto Del Rio,1,35,14-Aug-11,SummerSlam,"Los Angeles, CA",WWE Championship,25/05,Gemini
111,John Cena,10,14,18-Sep-11,Night of Champions,"Buffalo, NY",WWE Championship,23/04,Taurus
112,Alberto Del Rio,2,49,2-Oct-11,Hell in a Cell,"New Orleans, LA",WWE Championship,25/05,Gemini
113,CM Punk,2,434,20-Nov-11,Survivor Series,"New York, NY",WWE Championship,26/10,Scorpio
114,The Rock,8,70,27-Jan-13,Royal Rumble,"Phoenix, AZ",WWE Championship,02/05,Taurus
115,John Cena,11,133,7-Apr-13,WrestleMania 29,"East Rutherford, NJ",WWE Championship,23/04,Taurus
116,Daniel Bryan,1,0,18-Aug-13,SummerSlam,"Los Angeles, CA",WWE Championship,22/05,Gemini
117,Randy Orton,7,28,18-Aug-13,SummerSlam,"Los Angeles, CA",WWE Championship,01/04,Aries
118,Daniel Bryan,2,1,15-Sep-13,Night of Champions,"Detroit, MI",WWE Championship,22/05,Gemini
119,Randy Orton,8,161,27-Oct-13,Hell in a Cell,"Miami, FL",WWE Championship,01/04,Aries
120,Daniel Bryan,3,64,6-Apr-14,WrestleMania XXX,"New Orleans, LA",WWE Championship,22/05,Gemini
121,John Cena,12,49,29-Jun-14,Money in the Bank,"Boston, MA",WWE Championship,23/04,Taurus
122,Brock Lesnar,4,224,17-Aug-14,SummerSlam,"Los Angeles, CA",WWE Championship,12/07,Cancer
123,Seth Rollins,1,220,29-Mar-15,WrestleMania 31,"Santa Clara, CA",WWE Championship,28/05,Gemini
124,Roman Reigns,1,0,22-Nov-15,Survivor Series,"Atlanta, GA",WWE Championship,25/05,Gemini
125,Sheamus,3,22,22-Nov-15,Survivor Series,"Atlanta, GA",WWE Championship,28/01,Aquarius
126,Roman Reigns,2,41,14-Dec-15,Raw,"Philadelphia, PA",WWE Championship,25/05,Gemini
127,Triple H,9,70,24-Jan-16,Royal Rumble,"Orlando, FL",WWE Championship,27/07,Leo
128,Roman Reigns,3,77,3-Apr-16,WrestleMania 32,"Arlington, TX",WWE Championship,25/05,Gemini
129,Seth Rollins,2,0,19-Jun-16,Money in the Bank,"Las Vegas, NV",WWE Championship,28/05,Gemini
130,Dean Ambrose,1,84,19-Jun-16,Money in the Bank,"Las Vegas, NV",WWE Championship,07/12,Sagittarius
131,AJ Styles,1,140,11-Sep-16,Backlash,"Richmond, VA",WWE Championship,02/06,Gemini
132,John Cena,13,14,29-Jan-17,Royal Rumble,"San Antonio, TX",WWE Championship,23/04,Taurus
133,Bray Wyatt,1,49,12-Feb-17,Elimination Chamber,"Phoenix, AZ",WWE Championship,23/05,Gemini
134,Randy Orton,9,49,2-Apr-17,WrestleMania 33,"Orlando, FL",WWE Championship,01/04,Aries
135,Jinder Mahal,1,170,21-May-17,Backlash,"Rosemont, IL",WWE Championship,19/07,Cancer
136,AJ Styles,2,371,7-Nov-17,SmackDown,"Manchester, England",WWE Championship,02/06,Gemini
137,Daniel Bryan,4,145,13-Nov-18,SmackDown,"St. Louis, MO",WWE Championship,22/05,Gemini
138,Kofi Kingston,1,180,7-Apr-19,WrestleMania 35,"East Rutherford, NJ",WWE Championship,14/08,Leo
139,Brock Lesnar,5,173,4-Oct-19,SmackDown's20th Anniversary,"Los Angeles, CA",WWE Championship,12/07,Cancer
140,Drew McIntyre,1,71,"March 25 or 26, 2020",WrestleMania 36Part 2,"Orlando, FL",WWE Championship,,0
141,The Fabulous Moolah,1,3651,18-Sep-56,Live event,"Baltimore, MD",WWE Women's Championship,22/07,Cancer
142,Bette Boucher,1,13,17-Sep-66,Live event,"Seattle, WA",WWE Women's Championship,29/07,Leo
143,The Fabulous Moolah,2,524,3-Oct-66,Live event,"Vancouver, BC",WWE Women's Championship,22/07,Cancer
144,Yukiko Tomoe,1,23,10-Mar-68,Live event,"Osaka, Japan",WWE Women's Championship,,0
145,The Fabulous Moolah,3,2862,2-Apr-68,Live event,"Hamamatsu, Japan",WWE Women's Championship,22/07,Cancer
146,Sue Green,1,2,29-May-75,Live event,"Houston, TX",WWE Women's Championship,13/08,Leo
147,The Fabulous Moolah,4,1226,31-May-75,Live event,"Dallas, TX",WWE Women's Championship,22/07,Cancer
148,Evelyn Stevens,1,2,8-Oct-78,Live event,"Dallas, TX",WWE Women's Championship,,0
149,The Fabulous Moolah,5,2113,10-Oct-78,Live event,"Fort Worth, TX",WWE Women's Championship,22/07,Cancer
150,Wendi Richter,1,210,23-Jul-84,The Brawl to End It All,"New York, NY",WWE Women's Championship,06/09,Virgo
151,Leilani Kai,1,41,18-Feb-85,The War to Settle the Score,"New York, NY",WWE Women's Championship,23/01,Aquarius
152,Wendi Richter,2,239,31-Mar-85,WrestleMania I,"New York, NY",WWE Women's Championship,06/09,Virgo
153,The Spider Lady,2,220,25-Nov-85,Live event,"New York, NY",WWE Women's Championship,22/07,Cancer
154,Velvet McIntyre,1,6,3-Jul-86,Live event,"Brisbane, Australia",WWE Women's Championship,24/11,Sagittarius
155,The Fabulous Moolah,3,380,9-Jul-86,Live event,"Sydney, Australia",WWE Women's Championship,22/07,Cancer
156,Sensational Sherri,1,441,24-Jul-87,Live event,"Houston, TX",WWE Women's Championship,08/02,Aquarius
157,Rockin' Robin,1,502,7-Oct-88,Prime Time Wrestling,"Paris, France",WWE Women's Championship,09/10,Libra
158,Alundra Blayze,1,342,13-Dec-93,All American Wrestling,"Poughkeepsie, NY",WWE Women's Championship,09/02,Aquarius
159,Bull Nakano,1,134,20-Nov-94,Big Egg Wrestling Universe,"Tokyo, Japan",WWE Women's Championship,08/01,0
160,Alundra Blayze,2,146,3-Apr-95,Raw,"Poughkeepsie, NY",WWE Women's Championship,09/02,Aquarius
161,Bertha Faye,1,57,27-Aug-95,SummerSlam,"Pittsburgh, PA",WWE Women's Championship,21/02,Pisces
162,Alundra Blayze,3,51,23-Oct-95,Raw,"Brandon, MB",WWE Women's Championship,09/02,Aquarius
163,Jacqueline,1,61,"September 15, 1998[21]",Raw is War,"Sacramento, CA",WWE Women's Championship,06/01,0
164,Sable,1,176,15-Nov-98,Survivor Series,"St. Louis, MO",WWE Women's Championship,08/08,Leo
165,Debra,1,29,10-May-99,Raw is War,"Orlando, FL",WWE Women's Championship,02/03,Pisces
166,Ivory,1,131,"June 8, 1999[25]",Raw is War,"Worcester, MA",WWE Women's Championship,26/03,Aries
167,The Fabulous Moolah,4,8,17-Oct-99,No Mercy,"Cleveland, OH",WWE Women's Championship,22/07,Cancer
168,Ivory,2,48,25-Oct-99,Raw is War,"Providence, RI",WWE Women's Championship,26/03,Aries
169,The Kat,1,50,12-Dec-99,Armageddon,"Sunrise, FL",WWE Women's Championship,29/09,Libra
170,Hervina,1,1,31-Jan-00,Raw is War,"Pittsburgh, PA",WWE Women's Championship,27/10,Scorpio
171,Jacqueline,2,56,"February 1, 2000[30]",SmackDown!,"Detroit, MI",WWE Women's Championship,06/01,0
172,Stephanie McMahon-Helmsley,1,146,"March 28, 2000[30]",SmackDown!,"San Antonio, TX",WWE Women's Championship,24/09,Libra
173,Lita,1,71,21-Aug-00,Raw is War,"Lafayette, LA",WWE Women's Championship,14/04,Aries
174,Ivory,3,152,"October 31, 2000[30]",SmackDown!,"Rochester, NY",WWE Women's Championship,26/03,Aries
175,Chyna,1,214,1-Apr-01,WrestleMania X-Seven,"Houston, TX",WWE Women's Championship,27/12,0
176,Trish Stratus,1,78,18-Nov-01,Survivor Series,"Greensboro, NC",WWE Women's Championship,18/12,Sagittarius
177,Jazz,1,98,4-Feb-02,Raw,"Las Vegas, NV",WWE Women's Championship,27/08,Virgo
178,Trish Stratus,2,41,13-May-02,Raw,"Toronto, ON",WWE Women's Championship,18/12,Sagittarius
179,Molly Holly,1,91,23-Jun-02,King of the Ring,"Columbus, OH",WWE Women's Championship,07/09,Virgo
180,Trish Stratus,3,56,22-Sep-02,Unforgiven,"Los Angeles, CA",WWE Women's Championship,18/12,Sagittarius
181,Victoria,1,133,17-Nov-02,Survivor Series,"New York, NY",WWE Women's Championship,10/02,Aquarius
182,Trish Stratus,4,28,30-Mar-03,WrestleMania XIX,"Seattle, WA",WWE Women's Championship,18/12,Sagittarius
183,Jazz,2,64,27-Apr-03,Backlash,"Worcester, MA",WWE Women's Championship,27/08,Virgo
184,Gail Kim,1,28,30-Jun-03,Raw,"Buffalo, NY",WWE Women's Championship,20/02,Pisces
185,Molly Holly,2,210,28-Jul-03,Raw,"Colorado Springs, CO",WWE Women's Championship,07/09,Virgo
186,Victoria,2,111,23-Feb-04,Raw,"Omaha, NE",WWE Women's Championship,10/02,Aquarius
187,Trish Stratus,5,176,13-Jun-04,Bad Blood,"Columbus, OH",WWE Women's Championship,18/12,Sagittarius
188,Lita,2,34,6-Dec-04,Raw,"Charlotte, NC",WWE Women's Championship,14/04,Aries
189,Trish Stratus,6,448,9-Jan-05,New Year's Revolution,"San Juan, PR",WWE Women's Championship,18/12,Sagittarius
190,Mickie James,1,134,2-Apr-06,WrestleMania 22,"Rosemont, IL",WWE Women's Championship,31/08,Virgo
191,Lita,3,34,14-Aug-06,Raw,"Charlottesville, VA",WWE Women's Championship,14/04,Aries
192,Trish Stratus,7,1,17-Sep-06,Unforgiven,"Toronto, ON",WWE Women's Championship,18/12,Sagittarius
193,Lita,4,21,5-Nov-06,Cyber Sunday,"Cincinnati, OH",WWE Women's Championship,14/04,Aries
194,Mickie James,2,85,26-Nov-06,Survivor Series,"Philadelphia, PA",WWE Women's Championship,31/08,Virgo
195,Melina,1,64,19-Feb-07,Raw,"Bakersfield, CA",WWE Women's Championship,09/03,Pisces
196,Mickie James,3,0,24-Apr-07,Live event,"Paris, France",WWE Women's Championship,31/08,Virgo
197,Melina,2,61,24-Apr-07,Live event,"Paris, France",WWE Women's Championship,09/03,Pisces
198,Candice Michelle,1,105,24-Jun-07,Vengeance: Night of Champions,"Houston, TX",WWE Women's Championship,30/09,Libra
199,Beth Phoenix,1,190,7-Oct-07,No Mercy,"Rosemont, IL",WWE Women's Championship,24/11,Sagittarius
200,Mickie James,4,125,14-Apr-08,Raw,"London, England",WWE Women's Championship,31/08,Virgo
201,Beth Phoenix,2,161,17-Aug-08,SummerSlam,"Indianapolis, IN",WWE Women's Championship,24/11,Sagittarius
202,Melina,3,154,25-Jan-09,Royal Rumble,"Detroit, MI",WWE Women's Championship,09/03,Pisces
203,Michelle McCool,1,217,28-Jun-09,The Bash,"Sacramento, CA",WWE Women's Championship,25/01,Aquarius
204,Mickie James,5,23,31-Jan-10,Royal Rumble,"Atlanta, GA",WWE Women's Championship,31/08,Virgo
205,Michelle McCool,2,61,23-Feb-10,SmackDown,"Milwaukee, WI",WWE Women's Championship,25/01,Aquarius
206,Beth Phoenix,3,16,25-Apr-10,Extreme Rules,"Baltimore, MD",WWE Women's Championship,24/11,Sagittarius
207,Layla,1,131,11-May-10,SmackDown,"Buffalo, NY",WWE Women's Championship,25/06,Cancer
208,Charlotte,1,113,3-Apr-16,WrestleMania 32,"Arlington, TX",WWE Raw Women's Championship,05/04,Aries
209,Sasha Banks,1,27,25-Jul-16,Raw,"Pittsburgh, PA",WWE Raw Women's Championship,26/01,Aquarius
210,Charlotte,2,43,21-Aug-16,SummerSlam,"Brooklyn, NY",WWE Raw Women's Championship,05/04,Aries
211,Sasha Banks,2,27,3-Oct-16,Raw,"Los Angeles, CA",WWE Raw Women's Championship,26/01,Aquarius
212,Charlotte Flair,3,29,30-Oct-16,Hell in a Cell,"Boston, MA",WWE Raw Women's Championship,05/04,Aries
213,Sasha Banks,3,20,28-Nov-16,Raw,"Charlotte, NC",WWE Raw Women's Championship,26/01,Aquarius
214,Charlotte Flair,4,57,18-Dec-16,Roadblock: End of the Line,"Pittsburgh, PA",WWE Raw Women's Championship,05/04,Aries
215,Bayley,1,76,13-Feb-17,Raw,"Las Vegas, NV",WWE Raw Women's Championship,15/06,Gemini
216,Alexa Bliss,1,112,30-Apr-17,Payback,"San Jose, CA",WWE Raw Women's Championship,09/08,Leo
217,Sasha Banks,4,8,20-Aug-17,SummerSlam,"Brooklyn, NY",WWE Raw Women's Championship,26/01,Aquarius
218,Alexa Bliss,2,223,28-Aug-17,Raw,"Memphis, TN",WWE Raw Women's Championship,09/08,Leo
219,Nia Jax,1,70,8-Apr-18,WrestleMania 34,"New Orleans, LA",WWE Raw Women's Championship,29/05,Gemini
220,Alexa Bliss,3,63,17-Jun-18,Money in the Bank,"Rosemont, IL",WWE Raw Women's Championship,09/08,Leo
221,Ronda Rousey,1,232,19-Aug-18,SummerSlam,"Brooklyn, NY",WWE Raw Women's Championship,01/02,Aquarius
222,Becky Lynch,1,373,8-Apr-19,WrestleMania 35,"East Rutherford, NJ",WWE Raw Women's Championship,30/01,Aquarius
223,Harley Race,1,183,1-Jan-75,House show,"Tallahassee, FL",WWE United States Championship,11/04,Aries
224,Johnny Valentine,1,93,3-Jul-75,House show,"Greensboro, NC",WWE United States Championship,22/09,Virgo
225,Terry Funk,1,18,9-Nov-75,House show,"Greensboro, NC",WWE United States Championship,30/06,Cancer
226,Paul Jones,1,107,27-Nov-75,House show,"Greensboro, NC",WWE United States Championship,16/06,Gemini
227,Blackjack Mulligan,1,217,13-Mar-76,House show,"Greensboro, NC",WWE United States Championship,25/11,Sagittarius
228,Paul Jones,2,43,16-Oct-76,House show,"Greensboro, NC",WWE United States Championship,16/06,Gemini
229,Blackjack Mulligan,2,11,28-Nov-76,House show,"Charlotte, NC",WWE United States Championship,25/11,Sagittarius
230,Paul Jones,3,6,9-Dec-76,House show,"Winston-Salem, NC",WWE United States Championship,16/06,Gemini
231,Blackjack Mulligan,2,204,15-Dec-76,House show,"Raleigh, NC",WWE United States Championship,25/11,Sagittarius
232,Bobo Brazil,1,22,7-Jul-77,House show,"Norfolk, VA",WWE United States Championship,10/07,Cancer
233,Ric Flair,1,84,29-Jul-77,House show,"Richmond, VA",WWE United States Championship,25/02,Pisces
234,Ricky Steamboat,1,72,21-Oct-77,House show,"Charleston, SC",WWE United States Championship,28/02,Pisces
235,Blackjack Mulligan,3,77,1-Jan-78,House show,"Greensboro, NC",WWE United States Championship,25/11,Sagittarius
236,Mr. Wrestling,1,21,19-Mar-78,House show,"Greensboro, NC",WWE United States Championship,28/07,Leo
237,Ric Flair,2,253,9-Apr-78,House show,"Charlotte, NC",WWE United States Championship,25/02,Pisces
238,Ricky Steamboat,2,105,17-Dec-78,House show,"Toronto, ON, Canada",WWE United States Championship,28/02,Pisces
239,Ric Flair,3,133,1-Apr-79,House show,"Greensboro, NC",WWE United States Championship,25/02,Pisces
240,Jimmy Snuka,1,231,1-Sep-79,House show,"Charlotte, NC",WWE United States Championship,18/05,Taurus
241,Ric Flair,4,98,19-Apr-80,House show,"Greensboro, NC",WWE United States Championship,25/02,Pisces
242,Greg Valentine,1,121,26-Jul-80,House show,"Charlotte, NC",WWE United States Championship,20/09,Virgo
243,Ric Flair,5,64,24-Nov-80,House show,"Greenville, SC",WWE United States Championship,25/02,Pisces
244,Roddy Piper,1,193,27-Jan-81,House show,"Raleigh, NC",WWE United States Championship,17/04,Aries
245,Wahoo McDaniel,1,31,8-Aug-81,House show,"Greensboro, NC",WWE United States Championship,19/06,Gemini
246,Sgt. Slaughter,1,229,4-Oct-81,House show,"Charlotte, NC",WWE United States Championship,27/08,Virgo
247,Wahoo McDaniel,2,17,21-May-82,House show,"Richmond, VA",WWE United States Championship,19/06,Gemini
248,Sgt. Slaughter,2,76,7-Jun-82,House show,"Greenville, SC",WWE United States Championship,27/08,Virgo
249,Wahoo McDaniel,3,74,22-Aug-82,House show,"Charlotte, NC",WWE United States Championship,19/06,Gemini
250,Greg Valentine,1,163,4-Nov-82,House show,"Norfolk, VA",WWE United States Championship,20/09,Virgo
251,Roddy Piper,2,14,16-Apr-83,House show,"Greensboro, NC",WWE United States Championship,17/04,Aries
252,Greg Valentine,2,228,30-Apr-83,House show,"Greensboro, NC",WWE United States Championship,20/09,Virgo
253,Dick Slater,1,129,14-Dec-83,House show,"Shelby, NC",WWE United States Championship,19/05,Taurus
254,Ricky Steamboat,3,64,21-Apr-84,House show,"Greensboro, NC",WWE United States Championship,28/02,Pisces
255,Wahoo McDaniel,4,7,24-Jun-84,House show,"Greensboro, NC",WWE United States Championship,19/06,Gemini
256,Wahoo McDaniel,5,167,7-Oct-84,House show,"Charlotte, NC",WWE United States Championship,19/06,Gemini
257,Magnum T.A.,1,120,23-Mar-85,Worldwide Wrestling,"Charlotte, NC",WWE United States Championship,11/06,Gemini
258,Tully Blanchard,1,130,21-Jul-85,House show,"Charlotte, NC",WWE United States Championship,22/01,Aquarius
259,Magnum T.A.,2,182,28-Nov-85,Starrcade,"Greensboro, NC",WWE United States Championship,11/06,Gemini
260,Nikita Koloff,1,328,17-Aug-86,House show,"Charlotte, NC",WWE United States Championship,09/03,Pisces
261,Lex Luger,1,138,11-Jul-87,Great American Bash,"Greensboro, NC",WWE United States Championship,02/06,Gemini
262,Dusty Rhodes,1,141,26-Nov-87,Starrcade,"Chicago, IL",WWE United States Championship,12/10,Libra
263,Barry Windham,1,283,13-May-88,House show,"Houston, TX",WWE United States Championship,04/07,Cancer
264,Lex Luger,2,76,20-Feb-89,Chi-Town Rumble,"Chicago, IL",WWE United States Championship,02/06,Gemini
265,Michael Hayes,1,15,7-May-89,WrestleWar,"Nashville, TN",WWE United States Championship,29/03,Aries
266,Lex Luger,3,523,22-May-89,House show,"Bluefield, WV",WWE United States Championship,02/06,Gemini
267,Stan Hansen,1,50,27-Oct-90,Halloween Havoc,"Chicago, IL",WWE United States Championship,29/08,Virgo
268,Lex Luger,4,210,16-Dec-90,Starrcade,"St. Louis, MO",WWE United States Championship,02/06,Gemini
269,Sting,1,86,25-Aug-91,House show,"Atlanta, GA",WWE United States Championship,20/03,Pisces
270,Rick Rude,1,378,19-Nov-91,Clash of the Champions XVII,"Savannah, GA",WWE United States Championship,07/12,Sagittarius
271,Dustin Rhodes,1,110,11-Jan-93,Saturday Night,"Atlanta, GA",WWE United States Championship,11/04,Aries
272,Dustin Rhodes,2,119,30-Aug-93,Saturday Night,"Atlanta, GA",WWE United States Championship,11/04,Aries
273,Steve Austin,1,240,27-Dec-93,Starrcade '93: 10th Anniversary,"Charlotte, NC",WWE United States Championship,18/12,Sagittarius
274,Ricky Steamboat,4,25,24-Aug-94,Clash of the Champions XXVIII,"Cedar Rapids, IA",WWE United States Championship,28/02,Pisces
275,Steve Austin,2,0,18-Sep-94,Fall Brawl 1994: War Games,"Roanoke, VA",WWE United States Championship,18/12,Sagittarius
276,Jim Duggan,1,100,18-Sep-94,Fall Brawl 1994: War Games,"Roanoke, VA",WWE United States Championship,14/01,0
277,Big Van Vader,1,88,27-Dec-94,Starrcade,"Nashville, TN",WWE United States Championship,14/05,Taurus
278,Sting,2,148,18-Jun-95,The Great American Bash,"Dayton, OH",WWE United States Championship,20/03,Pisces
279,Kensuke Sasaki,1,44,13-Nov-95,WCW World in Japan,"Tokyo, Japan",WWE United States Championship,04/08,Leo
280,One Man Gang,1,33,27-Dec-95,Starrcade: World Cup of Wrestling,"Nashville, TN",WWE United States Championship,12/02,Aquarius
281,Konnan,1,160,29-Jan-96,Main Event,"Canton, OH",WWE United States Championship,06/01,0
282,Ric Flair,5,141,7-Jul-96,Bash at the Beach,"Daytona Beach, FL",WWE United States Championship,25/02,Pisces
283,Eddie Guerrero,1,77,29-Dec-96,Starrcade,"Nashville, TN",WWE United States Championship,09/10,Libra
284,Dean Malenko,1,85,16-Mar-97,Uncensored,"North Charleston, SC",WWE United States Championship,04/08,Leo
285,Jeff Jarrett,1,73,9-Jun-97,Nitro,"Boston, MA",WWE United States Championship,14/07,Cancer
286,Steve McMichael,1,25,21-Aug-97,Clash of the Champions XXXV,"Nashville, TN",WWE United States Championship,17/10,Libra
287,Curt Hennig,1,104,15-Sep-97,Nitro,"Charlotte, NC",WWE United States Championship,28/03,Aries
288,Diamond Dallas Page,1,112,28-Dec-97,Starrcade,"Washington, D.C.",WWE United States Championship,05/04,Aries
289,Raven,1,1,19-Apr-98,Spring Stampede,"Denver, CO",WWE United States Championship,08/09,Virgo
290,Goldberg,1,77,20-Apr-98,Nitro,"Colorado Springs, CO",WWE United States Championship,27/12,0
291,Bret Hart,1,21,20-Jul-98,Nitro,"Salt Lake City, UT",WWE United States Championship,02/07,Cancer
292,Lex Luger,5,3,10-Aug-98,Nitro,"Rapid City, SD",WWE United States Championship,02/06,Gemini
293,Bret Hart,2,74,13-Aug-98,Thunder,"Fargo, ND",WWE United States Championship,02/07,Cancer
294,Diamond Dallas Page,2,35,26-Oct-98,Nitro,"Phoenix, AZ",WWE United States Championship,05/04,Aries
295,Bret Hart,3,70,30-Nov-98,Nitro,"Chattanooga, TN",WWE United States Championship,02/07,Cancer
296,Roddy Piper,3,13,8-Feb-99,Nitro,"Buffalo, NY",WWE United States Championship,17/04,Aries
297,Scott Hall,1,25,21-Feb-99,SuperBrawl IX,"Oakland, CA",WWE United States Championship,20/10,Libra
298,Scott Steiner,1,85,11-Apr-99,Spring Stampede,"Tacoma, WA",WWE United States Championship,29/07,Leo
299,David Flair,1,35,5-Jul-99,Nitro,"Atlanta, GA",WWE United States Championship,06/03,Pisces
300,Chris Benoit,1,34,9-Aug-99,Nitro,"Boise, ID",WWE United States Championship,21/05,Gemini
301,Sid Vicious,1,42,12-Sep-99,Fall Brawl,"Winston-Salem, NC",WWE United States Championship,16/12,Sagittarius
302,Goldberg,2,1,24-Oct-99,Halloween Havoc,"Paradise, NV",WWE United States Championship,27/12,0
303,Bret Hart,4,14,25-Oct-99,Nitro,"Phoenix, AZ",WWE United States Championship,02/07,Cancer
304,Scott Hall,2,41,8-Nov-99,Nitro,"Indianapolis, IN",WWE United States Championship,20/10,Libra
305,Chris Benoit,2,1,19-Dec-99,Starrcade,"Washington, D.C.",WWE United States Championship,21/05,Gemini
306,Jeff Jarrett,2,27,20-Dec-99,Nitro,"Baltimore, MD",WWE United States Championship,14/07,Cancer
307,Jeff Jarrett,3,84,17-Jan-00,Nitro,"Columbus, OH",WWE United States Championship,14/07,Cancer
308,Scott Steiner,2,84,16-Apr-00,Spring Stampede,"Chicago, IL",WWE United States Championship,29/07,Leo
309,Lance Storm,1,66,18-Jul-00,Nitro,"Auburn Hills, MI",WWE United States Championship,03/04,Aries
310,Terry Funk,2,1,22-Sep-00,House show,"Amarillo, TX",WWE United States Championship,30/06,Cancer
311,Lance Storm,2,36,23-Sep-00,House show,"Lubbock, TX",WWE United States Championship,03/04,Aries
312,Gen. Rection,1,12,29-Oct-00,Halloween Havoc,"Paradise, NV",WWE United States Championship,10/11,Scorpio
313,Lance Storm,3,16,10-Nov-00,Nitro,"London, England",WWE United States Championship,03/04,Aries
314,Gen. Rection,2,49,26-Nov-00,Mayhem,"Milwaukee, WI",WWE United States Championship,10/11,Scorpio
315,Shane Douglas,1,22,14-Jan-01,Sin,"Indianapolis, IN",WWE United States Championship,21/11,Scorpio
316,Rick Steiner,1,41,5-Feb-01,Nitro,"Tupelo, MS",WWE United States Championship,09/03,Pisces
317,Booker T,1,128,18-Mar-01,Greed,"Jacksonville, FL",WWE United States Championship,01/03,Pisces
318,Chris Kanyon,1,48,24-Jul-01,SmackDown!,"Pittsburgh, PA",WWE United States Championship,04/01,0
319,Tajiri,1,13,10-Sep-01,Raw,"San Antonio, TX",WWE United States Championship,29/09,Libra
320,Rhyno,1,29,23-Sep-01,Unforgiven,"Pittsburgh, PA",WWE United States Championship,07/10,Libra
321,Kurt Angle,1,21,22-Oct-01,Raw,"Kansas City, MO",WWE United States Championship,09/12,Sagittarius
322,Edge,1,6,12-Nov-01,Raw,"Boston, MA",WWE United States Championship,30/10,Scorpio
323,Eddie Guerrero,2,84,27-Jul-03,Vengeance,"Denver, CO",WWE United States Championship,09/10,Libra
324,Big Show,1,147,19-Oct-03,No Mercy,"Baltimore, MD",WWE United States Championship,08/02,Aquarius
325,John Cena,1,114,14-Mar-04,WrestleMania XX,"New York, NY",WWE United States Championship,23/04,Taurus
326,Booker T,2,68,27-Jul-04,SmackDown!,"Cincinnati, OH",WWE United States Championship,01/03,Pisces
327,John Cena,2,2,3-Oct-04,No Mercy,"East Rutherford, NJ",WWE United States Championship,23/04,Taurus
328,Carlito Caribbean Cool,1,42,5-Oct-04,SmackDown!,"Boston, MA",WWE United States Championship,21/02,Pisces
329,John Cena,3,105,16-Nov-04,SmackDown!,"Dayton, OH",WWE United States Championship,23/04,Taurus
330,Orlando Jordan,1,173,1-Mar-05,SmackDown!,"Albany, NY",WWE United States Championship,21/04,Taurus
331,Chris Benoit,3,58,21-Aug-05,SummerSlam,"Washington, D.C.",WWE United States Championship,21/05,Gemini
332,Booker T,3,35,18-Oct-05,SmackDown!,"Reno, NV",WWE United States Championship,01/03,Pisces
333,Booker T,4,40,10-Jan-06,SmackDown!,"Philadelphia, PA",WWE United States Championship,01/03,Pisces
334,Chris Benoit,4,42,19-Feb-06,No Way Out,"Baltimore, MD",WWE United States Championship,21/05,Gemini
335,John Bradshaw Layfield,1,51,2-Apr-06,WrestleMania 22,"Rosemont, IL",WWE United States Championship,29/11,Sagittarius
336,Bobby Lashley,1,49,23-May-06,SmackDown!,"Bakersfield, CA",WWE United States Championship,16/07,Cancer
337,Finlay,1,49,11-Jul-06,SmackDown!,"Minneapolis, MN",WWE United States Championship,31/01,Aquarius
338,Mr. Kennedy,1,42,29-Aug-06,SmackDown!,"Reading, PA",WWE United States Championship,06/03,Pisces
339,Chris Benoit,5,222,10-Oct-06,SmackDown!,"Jacksonville, FL",WWE United States Championship,21/05,Gemini
340,Montel Vontavious Porter,1,343,20-May-07,Judgment Day,"St. Louis, MO",WWE United States Championship,28/10,Scorpio
341,Matt Hardy,1,84,27-Apr-08,Backlash,"Baltimore, MD",WWE United States Championship,23/09,Libra
342,Shelton Benjamin,1,240,20-Jul-08,The Great American Bash,"Uniondale, NY",WWE United States Championship,09/07,Cancer
343,Montel Vontavious Porter,2,76,17-Mar-09,SmackDown,"Corpus Christi, TX",WWE United States Championship,28/10,Scorpio
344,Kofi Kingston,1,126,1-Jun-09,Raw,"Birmingham, AL",WWE United States Championship,14/08,Leo
345,The Miz,1,224,5-Oct-09,Raw,"Wilkes-Barre, PA",WWE United States Championship,08/10,Libra
346,Bret Hart,5,7,17-May-10,Raw,"Toronto, ON, Canada",WWE United States Championship,02/07,Cancer
347,R-Truth,1,21,24-May-10,Raw,"Toledo, OH",WWE United States Championship,19/01,0
348,The Miz,2,97,14-Jun-10,Raw,"Charlotte, NC",WWE United States Championship,08/10,Libra
349,Daniel Bryan,1,176,19-Sep-10,Night of Champions,"Rosemont, IL",WWE United States Championship,22/05,Gemini
350,Sheamus,1,48,14-Mar-11,Raw,"St. Louis, MO",WWE United States Championship,28/01,Aquarius
351,Kofi Kingston,2,49,1-May-11,Extreme Rules,"Tampa, FL",WWE United States Championship,14/08,Leo
352,Dolph Ziggler,1,182,19-Jun-11,Capitol Punishment,"Washington, D.C.",WWE United States Championship,27/07,Leo
353,Zack Ryder,1,29,18-Dec-11,"TLC: Tables, Ladders & Chairs","Baltimore, MD",WWE United States Championship,14/05,Taurus
354,Jack Swagger,1,49,16-Jan-12,Raw,"Anaheim, CA",WWE United States Championship,24/03,Aries
355,Santino Marella,1,167,5-Mar-12,Raw,"Boston, MA",WWE United States Championship,14/03,Pisces
356,Antonio Cesaro,1,239,19-Aug-12,SummerSlamPre-Show,"Los Angeles, CA",WWE United States Championship,27/12,0
357,Kofi Kingston,3,34,15-Apr-13,Raw,"Greenville, SC",WWE United States Championship,14/08,Leo
358,Dean Ambrose,1,351,19-May-13,Extreme Rules,"St. Louis, MO",WWE United States Championship,07/12,Sagittarius
359,Sheamus,2,182,5-May-14,Raw,"Albany, NY",WWE United States Championship,28/01,Aquarius
360,Rusev,1,146,3-Nov-14,Raw Backstage Pass,"Buffalo, NY",WWE United States Championship,25/12,0
361,John Cena,4,147,29-Mar-15,WrestleMania 31,"Santa Clara, CA",WWE United States Championship,23/04,Taurus
362,Seth Rollins,1,28,23-Aug-15,SummerSlam,"Brooklyn, NY",WWE United States Championship,28/05,Gemini
363,John Cena,5,35,20-Sep-15,Night of Champions,"Houston, TX",WWE United States Championship,23/04,Taurus
364,Alberto Del Rio,1,78,25-Oct-15,Hell in a Cell,"Los Angeles, CA",WWE United States Championship,25/05,Gemini
365,Kalisto,1,1,11-Jan-16,Raw,"New Orleans, LA",WWE United States Championship,14/11,Scorpio
366,Alberto Del Rio,2,12,12-Jan-16,SmackDown,"Lafayette, LA",WWE United States Championship,25/05,Gemini
367,Kalisto,2,119,24-Jan-16,Royal Rumble,"Orlando, FL",WWE United States Championship,14/11,Scorpio
368,Rusev,2,126,22-May-16,Extreme Rules,"Newark, NJ",WWE United States Championship,25/12,0
369,Roman Reigns,1,106,25-Sep-16,Clash of Champions,"Indianapolis, IN",WWE United States Championship,25/05,Gemini
370,Chris Jericho,1,83,9-Jan-17,Raw,"New Orleans, LA",WWE United States Championship,09/11,Scorpio
371,Kevin Owens,1,28,2-Apr-17,WrestleMania 33,"Orlando, FL",WWE United States Championship,07/05,Taurus
372,Chris Jericho,2,2,30-Apr-17,Payback,"San Jose, CA",WWE United States Championship,09/11,Scorpio
373,Kevin Owens,2,66,2-May-17,SmackDown,"Fresno, CA",WWE United States Championship,07/05,Taurus
374,AJ Styles,1,16,7-Jul-17,WWE Live,"New York, NY",WWE United States Championship,02/06,Gemini
375,Kevin Owens,3,2,23-Jul-17,Battleground,"Philadelphia, PA",WWE United States Championship,07/05,Taurus
376,AJ Styles,2,75,25-Jul-17,SmackDown,"Richmond, VA",WWE United States Championship,02/06,Gemini
377,Baron Corbin,1,70,8-Oct-17,Hell in a Cell,"Detroit, MI",WWE United States Championship,13/09,Virgo
378,Dolph Ziggler,2,9,17-Dec-17,Clash of Champions,"Boston, MA",WWE United States Championship,27/07,Leo
379,Bobby Roode,1,54,16-Jan-18,SmackDown,"Laredo, TX",WWE United States Championship,11/05,Taurus
380,Randy Orton,1,28,11-Mar-18,Fastlane,"Columbus, OH",WWE United States Championship,01/04,Aries
381,Jinder Mahal,1,8,8-Apr-18,WrestleMania 34,"New Orleans, LA",WWE United States Championship,19/07,Cancer
382,Jeff Hardy,1,90,16-Apr-18,Raw,"Hartford, CT",WWE United States Championship,31/08,Virgo
383,Shinsuke Nakamura,1,156,15-Jul-18,Extreme Rules,"Pittsburgh, PA",WWE United States Championship,24/02,Pisces
384,Rusev,3,40,18-Dec-18,SmackDown,"Fresno, CA",WWE United States Championship,25/12,0
385,Shinsuke Nakamura,2,2,27-Jan-19,Royal RumbleKickoff,"Phoenix, AZ",WWE United States Championship,24/02,Pisces
386,R-Truth,2,35,29-Jan-19,SmackDown,"Phoenix, AZ",WWE United States Championship,19/01,0
387,Samoa Joe,1,75,5-Mar-19,SmackDown,"Wilkes-Barre, PA",WWE United States Championship,17/03,Pisces
388,Rey Mysterio,1,15,19-May-19,Money in the Bank,"Hartford, CT",WWE United States Championship,11/12,Sagittarius
389,Samoa Joe,2,20,3-Jun-19,Raw,"Austin, TX",WWE United States Championship,17/03,Pisces
390,Ricochet,1,21,23-Jun-19,Stomping Grounds,"Tacoma, WA",WWE United States Championship,11/10,Libra
391,AJ Styles,3,134,14-Jul-19,Extreme Rules,"Philadelphia, PA",WWE United States Championship,02/06,Gemini
392,Rey Mysterio,2,31,25-Nov-19,Raw,"Rosemont, IL",WWE United States Championship,11/12,Sagittarius
393,Andrade,1,151,26-Dec-19,WWE Live,"New York, NY",WWE United States Championship,03/11,Scorpio
394,Apollo Crews,1,20,25-May-20,Raw,"Orlando, FL",WWE United States Championship,22/08,Leo
395,Becky Lynch,1,84,11-Sep-16,Backlash,"Richmond, VA",WWE SmackDown Women's Championship,30/01,Aquarius
396,Alexa Bliss,1,70,4-Dec-16,"TLC: Tables, Ladders & Chairs","Dallas, TX",WWE SmackDown Women's Championship,09/08,Leo
397,Naomi,1,9,12-Feb-17,Elimination Chamber,"Phoenix, AZ",WWE SmackDown Women's Championship,30/11,Sagittarius
398,Alexa Bliss,2,40,21-Feb-17,SmackDown,"Ontario, CA",WWE SmackDown Women's Championship,09/08,Leo
399,Naomi,2,140,2-Apr-17,WrestleMania 33,"Orlando, FL",WWE SmackDown Women's Championship,30/11,Sagittarius
400,Natalya,1,86,20-Aug-17,SummerSlam,"Brooklyn, NY",WWE SmackDown Women's Championship,27/05,Gemini
401,Charlotte Flair,1,147,14-Nov-17,SmackDown,"Charlotte, NC",WWE SmackDown Women's Championship,05/04,Aries
402,Carmella,1,131,10-Apr-18,SmackDown,"New Orleans, LA",WWE SmackDown Women's Championship,23/10,Scorpio
403,Charlotte Flair,2,28,19-Aug-18,SummerSlam,"Brooklyn, NY",WWE SmackDown Women's Championship,05/04,Aries
404,Becky Lynch,2,91,16-Sep-18,Hell in a Cell,"San Antonio, TX",WWE SmackDown Women's Championship,30/01,Aquarius
405,Asuka,1,100,16-Dec-18,"TLC: Tables, Ladders & Chairs","San Jose, CA",WWE SmackDown Women's Championship,26/09,Libra
406,Charlotte Flair,3,13,26-Mar-19,SmackDown,"Uncasville, CT",WWE SmackDown Women's Championship,05/04,Aries
407,Becky Lynch,3,41,8-Apr-19,WrestleMania 35,"East Rutherford, NJ",WWE SmackDown Women's Championship,30/01,Aquarius
408,Charlotte Flair,4,0,19-May-19,Money in the Bank,"Hartford, CT",WWE SmackDown Women's Championship,05/04,Aries
409,Bayley,1,140,19-May-19,Money in the Bank,"Hartford, CT",WWE SmackDown Women's Championship,15/06,Gemini
410,Charlotte Flair,5,5,6-Oct-19,Hell in a Cell,"Sacramento, CA",WWE SmackDown Women's Championship,05/04,Aries
411,Bayley,2,247,11-Oct-19,SmackDown,"Paradise, NV",WWE SmackDown Women's Championship,15/06,Gemini
